36;0;10;40;-6;15;-10
44;48;-25;-12;38;-14;33
29;19;-35;24;-28;43;-4
-9;-4;15;-50;-34;-34;10
-8;13;17;-23;-24;-34;28
21;7;15;-16;28;-39;-49
0;-37;49;-13;16;-34;-49
-27;19;-26;-33;5;36;42
39;-19;35;-10;36;48;-46
37;-26;-23;-40;-41;-35;37
37;2;-28;32;-49;-15;-8
26;49;43;6;-38;-4;-35
6;-16;44;-12;-18;-40;-45
-9;37;-4;6;-31;-28;-12
-31;31;-1;26;-5;-38;-40
23;-26;-10;27;10;2;-19
-30;-8;-20;20;35;-41;48
35;6;-13;41;48;10;47
-46;50;3;-10;-45;29;11
14;-5;10;-27;8;-3;-35
-27;19;-43;-19;41;9;-21
47;-12;-26;-48;-27;16;27
21;-23;-31;15;49;-15;-46
6;-3;-50;-23;17;-10;41
-32;1;23;-30;-33;-27;5
-8;46;-39;2;-9;-45;33
-22;-45;14;-35;-50;-8;-17
30;-7;-44;-25;-1;-41;-21
-36;27;14;3;-22;-39;-36
7;20;22;-16;-45;37;16
-29;9;-25;49;-14;44;6
5;-14;1;-13;2;2;23
44;32;-7;-48;-45;-18;-9
-47;44;1;-4;-36;-12;39
46;-2;19;15;14;-14;25
-2;42;-38;-34;-42;-39;-8
-37;-50;-24;40;-27;-12;6
2;-34;21;-9;-29;-8;-30
-26;32;2;23;-21;25;34
-48;21;-20;-8;-42;-23;-22
-20;-46;26;19;47;-46;18
-30;-46;32;35;13;-35;-15
46;28;24;-8;-1;21;15
-11;14;45;1;-45;4;43
28;22;10;-13;-48;20;-10
-49;-17;-24;-43;8;-26;12
-35;12;47;-22;28;43;-1
-1;17;-1;-9;-49;-36;-20
49;35;-44;-39;41;-26;-32
27;0;30;35;18;-40;-13
-28;25;-28;-27;43;42;-1
-32;48;26;-31;-39;-30;49
30;-30;14;-25;-23;-10;49
-31;-27;-34;14;-12;-44;-11
0;-39;0;42;-2;5;-30
2;25;-45;-42;16;-27;-40
-10;4;-3;40;33;-35;49
35;-20;-35;45;18;-28;35
-8;-37;9;42;3;9;3
36;41;-2;-1;-48;20;-43
-21;-21;-28;31;-7;-46;43
43;43;43;27;27;-8;27
41;-4;38;-49;37;-13;21
20;17;46;15;45;-48;-18
-17;-18;-5;42;42;-10;-19
-10;37;30;12;11;23;-19
-5;18;-38;-33;-32;5;31
-12;22;28;2;40;-14;18
43;22;45;30;-35;-45;7
-45;20;9;-30;13;12;31
-12;-13;4;40;5;9;-3
-14;-2;42;16;-43;-7;34
-5;37;9;10;14;46;-24
6;38;27;-28;-32;43;12
18;-3;-19;-23;-30;0;12
-8;-43;-27;23;14;-37;50
-32;-29;-36;38;-15;-3;24
-37;-27;-42;5;-34;-50;-41
-14;-43;-48;31;-21;45;36
-23;25;15;-42;17;-36;18
34;-17;-48;29;-45;-35;40
39;8;49;-21;-2;-12;-2
-32;22;4;35;15;41;-39
0;-5;-34;37;48;-36;-45
5;24;12;34;5;-37;-24
-3;15;-34;26;21;47;31
-31;-17;-43;-8;39;-12;32
25;-12;-17;-40;-15;-29;14
50;4;24;7;-21;23;47
32;-41;-4;-38;-34;0;9
-41;15;-10;-17;14;-34;24
15;-12;-45;-12;-36;44;-28
16;-4;4;-43;17;-50;-49
44;38;-42;15;-27;-16;33
31;49;18;-7;1;20;-6
-10;43;18;-11;26;-12;-7
-39;-5;28;14;6;32;25
15;5;6;-49;45;23;34
-12;-39;-50;-20;30;31;-16
-43;-35;-48;-28;30;21;-9
-24;39;5;35;-15;-39;-16
12;38;0;23;24;-31;49
-46;27;7;15;31;42;15
-21;46;-19;47;41;-42;-42
3;33;-9;26;-1;8;-17
8;15;-16;43;-9;-17;2
-34;-44;-15;20;41;-19;18
-45;-31;50;39;17;-1;-25
-1;19;8;-47;42;38;-13
10;-19;37;14;-17;-50;43
-20;-26;37;22;-40;34;24
-12;33;-42;-19;2;-6;5
39;-9;34;37;22;-3;-50
-11;-8;-15;28;-18;-44;-9
-37;-3;21;49;11;44;7
31;43;-6;-37;39;5;-40
8;-27;23;-45;1;4;37
46;1;-14;-8;25;-46;49
-26;-11;-3;-25;-15;-10;-10
-16;-20;31;27;-32;4;1
-20;15;23;25;-50;26;-36
3;-48;-48;-17;-23;-40;10
44;32;-50;17;50;13;28
-4;28;-48;-20;-23;6;-35
-35;-36;27;29;40;-4;-20
25;36;13;-46;44;-6;24
-26;24;30;30;35;10;-24
4;-4;-12;10;-21;-14;16
38;-11;4;15;-22;33;16
-23;-4;15;31;-20;-46;25
-48;50;29;-49;17;-39;31
29;43;-21;-6;39;-47;34
48;24;47;2;-21;24;34
8;26;-15;9;49;3;-42
-4;-15;-37;50;42;39;42
44;24;-15;10;-10;25;-14
11;-11;-29;34;-25;-48;48
-44;22;-13;-2;48;-23;0
34;-2;-48;43;36;-22;4
-47;-33;-7;-8;-15;-17;7
-30;0;-3;-32;2;45;35
-12;-14;33;-43;-38;-11;21
30;-34;15;-5;23;1;30
0;-25;-15;45;26;25;26
47;-40;-9;19;28;-27;-50
-30;-12;18;-45;32;-13;21
-29;23;5;42;-11;13;19
-1;-47;9;41;-41;39;29
-28;38;-10;19;3;36;25
-23;-11;48;32;-12;-9;-27
-50;15;-11;4;13;12;32
-44;41;8;-20;-32;-26;-2
28;-25;-40;-48;-6;-6;-8
-22;38;-17;-48;17;16;-7
38;44;7;44;7;7;44
-16;-11;-13;-25;-49;-3;-40
-9;-41;28;-14;-1;-9;-19
-35;50;21;-14;22;23;32
32;22;8;-27;47;27;-48
13;31;4;-39;42;-30;49
-50;12;-34;50;-25;0;-36
15;-4;-1;-38;22;44;5
-8;5;-26;8;26;-7;27
-27;50;-49;44;-21;-8;-4
-39;31;-32;25;3;9;27
-23;-37;-41;-26;-21;-31;-31
11;-2;33;-5;-6;-17;-4
-10;-33;39;26;17;-43;36
47;-42;4;-29;-8;-26;4
50;10;29;-32;39;49;-43
7;46;-4;42;41;-19;-17
-5;16;48;43;-4;-32;-6
15;16;-47;22;32;40;9
-18;-44;-38;45;10;16;35
10;38;10;49;17;43;19
4;-4;-20;-27;-28;4;23
36;7;3;28;-41;-17;35
-2;-6;-27;-45;41;23;-48
-38;21;-37;15;25;44;27
32;13;24;12;1;7;13
-11;-45;-3;-27;-35;-17;35
-47;-6;13;-5;-41;-4;19
34;-2;12;-27;16;-28;-21
-5;35;-7;-3;50;-34;-49
28;-41;-13;-34;-24;46;43
50;-38;-7;2;34;-22;-5
8;46;-19;6;-27;-39;-38
-14;10;-20;-6;3;37;-47
-27;-24;18;-39;38;-41;-24
-49;-37;47;46;-1;29;48
31;-8;-47;7;38;8;-32
19;-22;-26;19;11;37;-16
46;50;-27;23;13;-21;-48
33;-16;34;27;38;37;-35
36;32;-9;35;-43;44;35
-17;0;-17;37;0;-17;0
43;48;-47;48;-48;-3;-2
-28;3;49;16;32;44;-36
20;10;-35;-48;-12;-25;-45
-33;-41;22;-18;-7;-2;2
-2;28;-16;-7;44;-30;16
5;-47;40;46;44;-41;19
-40;-49;11;31;31;-28;28
50;-27;-10;-37;-9;4;-45
39;28;5;49;-16;-27;25
44;38;6;28;-3;27;-4
-29;-12;2;28;-5;0;12
-23;-10;0;47;-2;19;1
39;-34;18;-14;-50;16;48
-45;-37;-8;47;-3;-1;26
26;36;-26;-10;16;-5;-44
-34;16;-2;26;1;36;-3
22;-15;-41;42;34;6;49
12;-42;-11;4;-16;-41;23
5;13;-40;29;-17;-34;3
43;-5;-37;-13;2;-25;2
-31;13;-12;-23;10;49;27
8;47;17;-28;-22;19;-3
2;-25;-11;27;30;3;33
40;-43;19;-17;-50;-27;40
2;27;-11;26;17;39;26
0;-29;-3;49;-11;28;35
-49;-23;38;-18;6;-7;27
-25;-23;35;-11;-41;-29;-43
29;29;-29;44;-23;3;-8
-47;46;36;-17;-14;-49;-39
42;33;-28;15;-41;13;-4
17;1;6;25;-6;49;-29
-18;-39;-42;-47;40;-3;-23
-50;-47;-30;21;-11;-13;48
9;35;-25;-24;-28;31;-43
-6;-37;6;20;-48;1;33
17;29;-26;18;-18;37;48
38;38;-44;37;-31;23;-43
6;-30;-30;-27;-2;7;40
20;-36;-46;-22;-14;7;23
28;22;-15;50;-30;-27;-50
-15;33;50;-6;13;-17;-32
40;-43;-34;17;-7;-40;-12
-50;-35;-11;-45;48;49;19
-45;-26;7;15;2;7;1
46;4;8;-26;31;-45;-44
-23;-50;-22;24;27;34;44
-7;-35;48;-1;-7;48;-9
-16;-42;-5;45;43;-42;27
18;38;-32;25;4;-37;37
44;6;49;27;48;2;-26
28;-46;45;46;-29;50;11
37;-36;-9;-45;4;-20;-10
-11;16;33;45;-29;40;-25
48;12;-48;-40;49;-49;-47
-24;14;27;11;4;43;1
14;-45;-35;1;16;0;32
41;0;-1;33;7;-19;-43
24;-28;4;25;18;-24;35
48;2;-24;-50;-40;22;3
-42;-9;8;-10;-42;-49;25
41;17;-44;-21;40;-31;25
-20;44;-22;48;44;-40;-12
7;-37;-12;13;9;-8;-17
48;28;34;-42;-22;39;-20
-11;33;43;-1;26;24;-14
24;27;-5;-22;48;38;-35
-49;-21;41;6;-48;-3;33
-48;-9;-33;-8;38;30;36
0;17;-24;6;9;48;36
-39;-3;17;-22;27;27;-9
-2;-41;-30;50;-21;9;40
27;22;36;-7;-38;-45;0
-34;-31;10;-32;36;23;-1
13;48;-41;45;5;-11;36
29;-39;-9;-12;23;21;46
-3;-50;49;-29;-29;6;-2
-29;-36;36;37;-35;-3;-24
-46;-30;-29;-44;-31;-48;36
-23;45;-32;22;49;45;35
-26;-35;14;43;-36;1;4
-18;-50;22;-36;-28;38;6
11;47;10;-26;9;-27;39
-15;6;-5;-19;13;50;-47
28;11;1;13;-41;-44;-28
-2;-50;-10;-3;21;-31;-22
-10;7;19;-7;7;36;8
47;8;-11;42;-44;49;41
-7;-47;-7;3;26;-38;-11
49;46;13;12;1;-38;-5
-32;15;36;-41;-37;48;8
45;41;-13;11;40;-34;25
-11;32;47;-42;8;-36;-4
28;43;11;-46;50;5;8
-33;17;10;-13;36;38;11
28;-49;-3;-8;39;2;-49
6;33;6;-47;33;6;33
-1;11;38;-5;-7;48;-33
-35;40;-26;-4;16;41;-31
47;15;41;-33;-10;8;-39
-4;3;5;45;-17;-45;-16
23;24;-29;-20;42;14;25
6;27;-34;-8;-23;-39;-45
5;-11;45;-34;18;29;-25
-46;-28;-31;-34;22;28;-19
30;10;-12;-37;-8;2;-35
43;24;47;-2;-48;11;3
-33;-43;-10;21;-16;24;9
-20;-13;43;4;-25;-11;-17
-38;32;-7;-40;-40;34;-40
30;-41;-10;18;50;-10;-39
33;47;-43;-31;7;17;-36
16;26;-27;-39;0;40;16
25;9;-8;-3;-9;-36;44
-30;45;-4;-30;-30;45;45
-43;-47;10;11;-20;-8;30
49;15;-20;-10;41;49;3
3;-5;-41;-33;-24;49;-49
-48;-4;10;16;7;43;-19
-26;22;3;-15;41;-27;-49
46;31;-44;-24;-47;10;16
1;1;41;29;9;-12;-44
-15;-48;31;-27;15;-27;-16
38;8;-44;36;0;22;49
-39;7;-41;16;35;4;40
8;-21;-43;26;-35;-23;39
23;-50;-9;40;50;46;12
39;15;-9;-17;18;-12;-19
11;-9;16;14;-39;-31;-27
-11;16;-3;50;4;-5;34
-27;43;-24;-14;-25;26;-19
-34;2;35;35;33;-49;-47
6;-15;-13;-22;2;35;-10
29;16;6;11;24;-10;15
47;21;-31;-31;-5;4;-18
31;-7;24;-43;0;-1;-20
29;1;11;-34;-49;45;5
-19;-49;21;4;28;43;-43
-18;-25;-17;-4;37;34;-49
33;-24;-13;8;8;-4;-47
-46;39;22;-50;5;11;11
0;-40;49;13;7;-12;31
46;-3;3;32;1;3;-32
2;23;36;4;-10;-33;-22
-44;-1;-41;12;35;-50;-10
-29;-26;-50;-47;-25;-20;24
-44;13;-46;32;-30;14;-4
-27;-39;-43;42;-48;25;-20
18;25;-24;7;-40;-1;-32
12;36;-44;-31;27;25;14
-39;23;-16;5;7;4;0
48;-7;-46;-29;-28;41;-46
41;18;46;27;44;28;43
-26;35;-45;12;-19;40;9
22;-18;29;-16;-26;-19;-2
33;-23;37;14;-11;-22;19
1;45;-13;-3;12;-48;-10
-1;1;-9;-2;-10;32;-26
33;2;10;6;41;-37;-34
36;-37;50;44;-20;-26;40
-43;-45;41;37;-32;44;17
25;-35;-6;-24;-42;28;11
8;-32;-35;33;-31;47;29
-49;29;28;-10;23;16;-4
-8;31;2;-36;-6;37;-47
19;48;-16;3;28;-27;18
-41;43;-39;1;2;11;-13
44;-25;-14;-19;-32;-11;15
45;-35;23;-6;21;-8;-23
-8;-42;-31;3;-2;-48;-27
-20;-10;-12;-44;-15;27;-9
29;-26;43;-33;-21;-3;-16
-46;23;-19;23;10;-39;21
-31;-12;29;25;-47;19;-39
0;31;15;-25;4;-42;25
-28;47;-29;-26;-28;16;36
8;-40;-48;32;-16;3;-14
35;33;29;-44;-25;17;9
-47;3;35;7;49;16;23
-10;19;19;-10;36;-10;19
4;43;10;9;23;43;25
-12;50;-27;-30;-23;-45;-11
-2;-20;10;19;-15;22;-42
28;8;36;-45;10;46;-41
19;1;-16;-22;10;49;-48
40;34;13;-6;34;-50;-27
-30;-7;-19;29;36;25;-32
23;26;13;44;-1;-40;-46
3;35;42;-24;8;-32;11
-39;21;-15;5;-1;2;30
-38;9;27;-11;-1;-40;-19
48;-44;-4;-37;3;-48;-21
-18;-48;20;47;20;35;42
27;-34;6;-12;-26;7;16
25;-7;-39;17;-2;6;17
-11;-3;43;-17;-7;-43;-50
-3;42;44;17;18;28;-23
32;-30;18;46;-47;-10;-17
-30;31;-11;26;-30;35;45
-46;34;45;33;-17;-39;-6
18;45;10;-9;0;26;25
10;30;7;-31;-10;6;41
28;-38;-11;18;24;7;-50
24;26;-39;-34;-35;-12;-32
39;-35;-15;-14;-26;-36;-41
29;41;-31;43;-24;-6;48
9;-37;48;-40;-41;-1;-20
13;30;0;32;6;-24;-23
-39;-29;39;28;-11;46;-10
23;-35;-50;4;-9;-10;-48
-7;24;29;2;-15;36;42
-23;6;28;-22;29;-31;-33
-17;-28;-18;48;37;-38;43
-16;8;30;44;47;48;-25
17;5;24;-42;48;26;-31
17;-36;35;20;-6;13;-2
-39;-37;-6;29;46;20;-16
-25;16;1;-27;-30;-8;-16
-37;14;13;-6;-40;5;26
15;-22;-43;38;-6;21;35
-10;-20;-47;-46;-30;-43;24
17;-6;45;-30;-6;-40;32
36;-20;11;-10;-41;43;-27
14;23;-43;6;-7;27;-46
18;29;36;6;-34;-48;-14
29;-35;28;-36;47;3;27
0;-26;-43;-13;39;-9;-14
9;50;41;-39;47;16;11
-26;-5;-32;-25;36;43;-11
21;-17;-18;-37;-4;2;2
28;31;-29;-42;15;-36;24
-50;30;-35;-9;1;-26;-5
-7;-28;1;29;43;29;37
7;-33;-12;7;-48;-9;19
-47;11;23;12;-14;4;-31
-37;-7;41;20;35;-26;-43
-34;26;-37;-48;-43;-40;7
-18;28;-33;22;10;-39;-14
-14;-16;-42;30;37;6;3
26;29;24;25;46;36;-34
44;-47;20;49;-49;-45;49
49;2;-48;-34;-33;8;-34
46;47;29;5;-8;23;28
43;-4;8;46;36;13;45
-24;-26;-20;-48;-18;38;-39
-34;22;23;-32;47;-35;-30
-2;-29;10;7;-38;-43;42
-9;-31;41;30;10;-26;16
-26;31;-32;-11;10;-23;-25
42;-23;-5;47;7;29;-10
31;-9;-2;-10;6;45;23
20;1;29;32;33;13;0
-24;-1;-40;-39;17;-35;-13
35;41;-47;23;-6;32;-6
8;-2;-42;-14;35;-10;50
25;6;-36;-18;-48;24;12
27;7;-43;-42;-39;29;31
-39;-43;-21;10;-41;-18;-14
-20;-21;34;-34;-21;-31;12
-27;10;-5;28;12;-17;6
24;41;-21;-14;-46;39;-22
19;48;-21;-6;-32;40;-38
-5;-40;33;28;-22;-18;8
18;5;12;29;1;-8;-39
38;-19;-34;15;1;-9;-24
-49;-21;-9;-50;13;15;32
49;35;12;-4;-13;-4;11
18;-6;29;-17;-35;-13;31
-44;4;15;23;34;14;-33
32;40;-48;10;-22;38;23
-7;-40;-12;-29;-27;14;-23
-20;-42;-50;-12;15;-22;-24
18;-16;32;-14;40;-35;47
-20;43;-46;-25;43;-48;43
20;11;-50;-14;-15;-33;21
40;-10;28;50;-32;15;15
-42;46;21;47;-40;33;8
-50;-15;2;-5;11;-16;-25
41;-17;19;-41;27;-40;-48
31;15;5;28;24;-15;47
27;-26;8;43;-27;4;36
19;2;-15;-5;37;-8;3
-30;46;-42;31;-26;-39;-11
12;-32;-32;-25;9;-4;9
9;23;36;3;24;-17;-47
49;44;-22;49;-22;49;-22
-27;30;27;-3;-14;4;47
-10;-48;-18;3;34;25;33
-46;31;22;2;-14;-36;-36
0;30;45;11;-15;-39;0
7;-28;-37;-49;-18;-20;8
35;32;-30;36;-43;-43;-11
-20;-7;-38;-6;9;32;28
36;36;39;5;0;41;-13
-49;8;-11;17;49;-27;28
-49;-29;-3;-15;-47;-21;17
-13;2;17;-26;0;-35;32
-50;50;-19;-42;-8;-7;18
44;49;-25;40;38;10;29
9;1;43;-38;15;-45;1
5;-21;31;34;39;-38;7
-2;-43;-1;-32;-21;41;-42
33;-26;25;-21;15;3;-42
49;37;21;-47;-34;33;-30
33;7;-42;-23;-29;3;42
-43;-40;-48;22;-48;5;21
-28;-8;23;-25;32;-45;-29
6;-28;-35;42;10;3;3
47;-5;25;33;19;-29;-46
-26;46;2;45;14;-30;29
-16;-18;-8;8;25;-24;-38
-1;47;39;9;9;-42;41
2;-45;21;14;-3;13;35
34;12;24;26;-20;-12;14
35;38;-15;42;-9;-24;-5
20;-28;40;15;-45;28;-44
50;-21;40;48;22;-13;-12
-34;35;-36;37;23;-7;37
26;0;44;-17;11;-37;10
-8;44;-6;-10;-25;-36;48
-1;2;-5;16;35;-20;24
28;-7;7;-3;47;12;13
-7;-2;36;-42;48;-45;40
-7;27;41;-22;50;-4;-7
-2;-29;-11;-9;-20;21;13
17;3;-26;-11;19;-31;44
30;-37;16;22;-46;1;16
16;-12;21;13;-44;31;-16
-6;-42;-46;-31;-49;4;37
41;47;35;-26;36;-50;-38
7;31;-8;45;-35;-7;12
-20;26;37;26;39;12;-32
-17;48;19;42;49;27;-44
26;-39;26;-30;28;-35;41
-7;23;-18;-35;-20;0;46
29;50;38;-4;10;25;-27
45;2;-21;13;-45;48;33
42;-9;34;-7;40;41;20
-46;9;21;20;-21;39;27
-13;12;-33;24;-10;8;-9
44;-33;18;36;29;15;-21
-24;33;-35;-49;-24;-14;30
18;32;-48;50;39;-21;-42
-33;36;-4;-39;-47;18;-8
-40;-1;-3;29;-42;16;-34
-3;49;18;-3;-46;-23;-2
31;6;24;-44;30;18;-19
22;22;-15;22;-15;-27;-15
-46;47;1;45;-41;-30;8
-3;47;-12;34;36;-50;-9
-5;-45;19;11;-39;-47;4
24;26;32;-20;-30;38;26
42;-49;15;-18;28;12;-41
35;-31;-15;-17;-25;3;14
20;25;21;-40;23;-12;20
-38;-45;46;-6;-7;49;31
9;12;39;-45;9;37;-12
1;-21;-6;14;-31;50;45
24;24;-14;48;-4;23;2
22;-40;-17;44;-7;-37;4
-4;-23;-6;49;-17;-20;-50
49;-50;-43;41;30;16;10
-40;-43;15;-23;47;0;37
6;-39;32;35;8;1;32
-21;33;32;-19;-26;29;-30
-21;13;27;-14;-40;35;21
45;-44;26;-23;48;-31;33
3;49;1;30;-47;-13;6
-15;-38;-3;-16;-4;-23;-14
-35;14;26;-33;-12;8;-31
29;-39;-21;19;-40;-5;-4
-8;34;-17;7;-34;-25;48
33;10;9;-26;26;-17;-49
27;-2;50;-26;7;-9;20
10;-20;-26;10;24;-44;-27
-43;14;14;-2;-33;9;-20
38;4;22;-21;38;-35;-11
32;-31;-49;-39;14;-19;49
-10;-42;-36;-10;47;33;-29
-27;-34;10;-5;-39;-10;-44
-10;-20;-26;48;-10;-30;-2
20;-11;16;36;12;50;-6
-4;35;-4;15;-2;-31;-40
1;16;-14;6;48;-13;13
-40;-18;-30;-47;-36;-38;-2
-23;-6;-8;18;-22;-50;31
-45;39;-26;19;-3;17;-25
15;48;20;-26;-38;-21;42
11;47;-34;6;-3;-21;36
-11;-25;32;-42;49;-17;-23
40;25;-8;45;-6;29;-17
-27;-7;11;0;4;-31;-20
-34;-31;6;12;-1;50;32
-35;-4;36;-17;-17;-48;-32
1;27;28;-40;-31;5;49
-16;-21;-25;44;-5;-17;3
31;-24;-37;-47;-7;35;-11
-35;23;-49;7;45;-50;47
-3;12;4;-25;44;26;-38
50;-1;-22;14;-19;22;14
-11;7;3;5;48;33;-10
30;-41;12;-28;-11;4;48
-31;46;-14;-28;32;-45;-14
-47;31;12;48;-25;-32;12
48;-46;-7;-38;27;-38;15
-32;-32;-32;-32;-45;-32;-32
-46;47;29;-38;8;14;-41
28;-31;-50;0;46;-18;-33
-15;14;15;-24;47;21;40
-44;25;-25;-5;31;4;11
3;36;14;-42;-49;48;-28
9;-2;-40;-1;-43;-31;-25
-10;-33;-40;-37;42;-16;9
-47;-23;-24;24;25;-14;-12
43;29;-7;16;36;9;44
-5;-39;-9;-6;-36;-23;34
30;25;25;-41;-49;-13;35
-11;-44;-17;-6;26;-29;44
-49;16;-13;28;46;-1;5
-19;49;-9;1;-43;21;20
-47;-44;-16;-9;-9;32;31
-2;24;-29;41;-29;3;37
31;-12;50;-37;14;8;22
-37;46;29;7;48;27;50
-27;-46;17;-24;-21;-1;42
49;2;-28;43;-26;14;4
35;-34;37;-12;-49;-39;-17
-2;-42;49;21;19;9;26
21;3;6;-14;45;7;-45
7;-49;-13;-17;25;-25;14
25;35;-20;-11;-44;-20;-42
-48;-9;-38;27;-36;14;37
-25;34;18;17;46;21;-7
-27;47;-40;43;3;-9;-37
23;15;50;-12;-14;-36;6
-19;12;7;37;24;26;30
38;-31;6;-33;32;13;29
35;-33;-21;-41;7;-20;-21
-39;-22;30;27;36;-1;-33
-30;-37;-11;25;-17;19;-19
48;-12;24;50;31;-15;-38
-5;-29;35;-24;-10;49;31
-17;-43;-43;12;50;47;18
30;0;14;-13;-24;39;-32
-34;-33;49;-36;-34;-48;-14
21;35;33;-24;-42;24;-27
-4;31;-45;-40;5;45;30
10;-50;45;-19;21;45;-19
-7;-30;-45;36;12;30;-20
-47;-39;-9;-15;-22;-22;15
44;42;-18;-40;31;40;-28
31;-12;-4;12;-10;-46;36
16;-49;-48;-7;25;-4;46
44;-4;3;40;-35;44;-42
47;7;-27;-8;-3;-48;42
10;-29;33;25;-11;13;13
14;19;22;43;-8;9;44
32;32;-40;25;43;-4;1
-32;2;48;12;43;-16;-33
37;-45;-13;-29;11;4;16
19;-10;-39;34;-11;-2;5
-14;-35;-13;3;-48;29;21
50;42;22;-40;33;19;-32
-15;7;-26;-42;6;11;10
-21;28;38;-8;41;18;-40
-35;-14;15;0;-44;4;39
-33;26;-47;9;-20;29;21
15;15;48;-3;-29;26;46
-44;-11;-23;8;-27;29;-35
-47;-17;-41;-11;7;0;4
-32;17;-28;-17;-31;15;34
-16;6;19;16;-45;24;-44
0;-31;-3;-46;-30;-6;25
8;-49;41;-41;-10;32;4
33;0;-48;5;-7;30;-12
-46;49;-6;-18;-16;-32;-29
10;9;13;5;-26;25;50
-30;30;49;8;8;-2;-3
29;38;-26;-44;-5;28;-23
-47;14;10;-36;-40;-6;-6
-13;-35;47;-7;-47;21;43
30;-18;18;49;-3;42;-1
-34;-50;45;-15;29;-40;24
27;-50;-4;-19;25;-28;23
26;14;31;-25;9;-25;1
33;7;-35;20;2;45;45
38;-44;31;-14;-24;44;0
-39;22;-9;50;-17;9;-21
39;26;44;-47;45;26;11
21;8;-30;6;48;4;48
-46;-48;22;-22;43;19;-23
12;-21;8;3;37;-15;-7
27;-46;39;4;29;29;-9
8;-3;-17;6;25;-23;-47
8;42;-12;22;1;49;-10
0;-42;44;-19;32;22;-13
-19;-15;-11;-20;-25;17;-17
-49;32;-31;41;41;-17;-45
-6;-10;-6;-13;48;-48;-35
14;-44;43;34;39;-9;33
25;44;1;39;-1;-36;30
4;3;-46;5;44;6;38
-44;24;-47;22;48;-15;43
29;-16;36;23;-40;22;-23
-48;34;-27;-36;30;-17;29
14;27;-50;-10;-49;38;19
-28;20;-32;48;-10;19;2
23;47;-35;-47;-47;22;-27
15;23;39;26;-12;3;14
36;29;48;7;-31;-12;46
14;30;-38;34;-39;19;43
24;49;-29;-49;-22;47;28
-7;12;46;-43;12;5;-29
30;29;49;6;39;-49;-15
13;35;-12;-50;26;-44;-36
49;3;-11;-16;-41;-45;45
-4;-34;-25;-18;-27;22;19
-31;22;-10;-38;19;27;-15
-42;-22;13;-24;-21;-17;11
27;14;-41;47;-43;18;-49
42;-10;23;6;26;21;50
-13;-11;42;44;-42;-19;2
38;-36;25;0;38;-17;-45
12;11;31;-12;26;-3;-11
-42;21;-45;-37;-8;-31;-17
-24;7;30;-9;-49;39;9
31;10;15;36;24;-40;-42
-12;20;-22;45;25;23;23
1;36;-38;-25;30;-17;35
27;2;12;31;34;-50;24
0;-10;13;34;-47;3;-9
12;-2;19;-36;-34;16;34
46;33;20;-30;1;-8;-27
15;16;15;18;7;15;-15
41;-39;2;14;-31;43;25
-20;18;-13;-41;-15;44;50
-50;47;6;-9;10;24;-50
-1;40;9;-40;-45;-16;1
37;34;41;-20;-36;19;16
-17;-27;10;-10;-24;-33;-19
40;-29;11;-6;16;41;25
32;22;11;34;48;-33;-7
-48;-13;39;12;33;0;2
36;-39;30;-13;31;-47;-45
2;-24;5;-46;22;6;-29
28;-14;-11;-42;12;-46;37
-27;2;-32;-15;32;13;48
-16;33;10;-1;-11;-36;12
-15;-19;25;-44;33;30;-44
-2;-15;3;30;3;25;42
-31;-2;28;36;32;-31;-34
-7;46;-7;-15;14;-13;-6
48;-4;-10;40;34;46;-13
-33;-12;-8;-25;12;11;2
2;2;2;-18;-18;-30;-18
-12;43;26;11;-29;27;-18
-39;-23;9;25;39;-24;1
40;-32;-14;21;17;-46;-26
46;6;-1;-48;-39;-4;-48
28;34;37;15;46;21;-36
38;33;32;-43;15;1;-16
-40;21;24;-7;41;-8;14
-25;-5;-38;-15;-19;46;-41
17;-44;36;-26;-11;26;3
50;5;-35;31;-26;-25;-45
32;37;5;46;47;-16;25
-36;42;-19;-50;-32;1;-26
-21;-11;-36;7;30;-20;22
-17;-26;-23;-20;10;26;23
20;-1;5;35;19;-29;-20
27;-47;-7;3;3;-45;-27
29;5;40;-2;-5;-37;-48
-11;28;35;-25;9;-9;-41
34;50;22;22;6;17;3
-18;-3;42;-11;9;26;31
-38;-38;-38;-18;30;-18;-18
-35;-33;-3;-50;40;-34;-42
-28;-46;1;-44;-25;36;-48
3;2;-19;-17;-11;-44;-31
16;-11;21;34;-24;-34;-45
-23;-25;-23;48;2;6;-12
20;-43;-14;32;28;24;25
-10;29;48;-43;-13;13;-14
-48;-22;-19;16;35;46;-43
40;-29;-38;-27;-37;34;32
40;26;-12;-32;-26;-24;-33
31;-6;-18;17;-41;33;-13
1;-25;40;3;18;-43;-43
-7;27;-43;48;2;-22;-33
15;35;21;-19;1;37;-12
33;-32;0;6;46;-38;-31
32;25;-21;-16;12;-47;11
-40;22;25;-3;8;-38;26
-12;-10;31;39;41;33;-3
-34;36;5;-32;-17;3;-48
-1;42;-2;21;16;3;-40
-11;-34;17;-37;15;-3;-49
26;-37;-18;47;35;43;33
-35;-47;15;-28;18;23;-9
31;-40;-19;44;2;27;49
-17;-29;-8;39;-15;36;-19
-27;-28;-3;43;46;26;20
-33;-45;12;-13;-47;-2;-11
44;-26;-34;-46;39;15;42
25;14;-32;36;-19;-33;-46
34;22;-32;-10;1;39;-27
-10;3;6;-45;-2;12;-25
11;35;-13;-7;-32;44;-18
-1;-32;-36;-32;-38;23;4
9;-34;30;40;-32;40;-28
-33;41;27;-10;-22;41;13
-16;48;-34;-15;-42;-2;-34
37;-48;42;-50;34;3;-40
-33;38;-40;-27;0;33;-20
-32;30;-30;-12;-11;34;10
14;-7;32;-11;-28;33;-22
-40;-25;8;-18;-22;17;42
-49;-36;-1;-23;5;45;7
15;-6;19;-14;10;49;-29
4;-5;-20;-38;16;20;-32
-35;-35;25;-11;-22;-48;22
-49;5;-16;49;-48;14;30
44;-40;-8;46;-28;41;-35
-20;-40;36;16;-15;15;19
-6;-11;49;26;-1;-22;8
39;42;-23;-49;-16;-38;-12
-18;-5;50;-29;-11;48;49
-27;-3;-33;11;-7;43;-31
-11;45;40;37;20;-49;37
-13;20;-9;-17;37;-31;31
-22;24;13;-14;-27;9;-20
-44;-39;5;41;-17;10;0
-6;23;35;4;-26;-32;0
-14;-1;18;-6;19;36;24
-9;48;-45;-50;33;-1;-48
-37;47;-14;-17;-31;-26;33
-4;-45;4;27;-15;-3;30
-8;9;39;0;11;13;-21
31;-6;-33;-44;40;12;13
-15;42;47;-14;-32;-21;3
-46;-41;-9;-20;-40;31;8
4;-21;-31;29;32;12;36
-21;45;24;34;48;33;-11
-17;-44;4;32;-14;46;22
-41;24;-2;2;-2;-37;4
37;24;-18;-17;21;24;-17
-22;-41;46;-25;-10;-33;9
-27;30;47;1;28;-27;-4
29;-15;21;7;47;-17;-10
24;45;-8;40;0;21;10
34;49;4;-1;22;7;11
-20;-13;27;12;50;11;-33
-46;-44;25;-12;49;-15;-17
45;5;25;-27;-17;33;16
-28;-49;36;-2;-6;32;44
16;-9;-5;24;19;39;-5
27;-2;-33;-6;-45;33;-19
-20;23;-5;30;-26;-46;47
2;16;-35;-23;-32;12;13
-28;-18;16;-48;-26;24;17
15;27;-34;42;-44;20;-8
19;-17;-11;-30;-24;-9;11
-27;23;-8;-18;-30;1;-41
-20;-30;40;31;-38;11;-3
46;9;24;1;-35;-10;9
-29;10;12;32;-13;-4;13
-11;19;28;-42;35;41;1
-48;-33;-27;12;39;43;-42
4;12;-41;-43;24;42;17
27;-17;-16;40;-3;-43;4
-27;-45;15;27;33;-19;9
-46;28;41;-27;46;-45;-15
-34;30;-8;23;-15;11;1
26;32;-23;-38;28;38;-29
-10;9;-38;-43;37;42;-37
32;-6;46;-32;-15;-38;-30
14;-6;7;26;32;25;-50
-3;48;45;37;7;-26;31
-38;38;18;16;-45;-29;25
27;27;-7;-37;-11;11;-46
34;1;41;16;22;-34;-21
-47;17;1;35;-47;6;-33
42;11;29;-44;-48;-17;-8
-3;-38;-8;35;-30;-46;43
-43;17;-39;-14;-20;13;4
36;-1;-2;14;42;17;-1
18;-40;-26;21;-13;-23;26
48;-25;-11;-49;-6;-33;39
5;2;44;29;0;-23;-14
-48;-28;40;-18;46;37;40
37;41;0;22;-42;25;0
19;-33;16;-23;-24;-7;15
-40;5;50;29;-10;13;41
-43;49;-17;-46;-39;-48;-3
48;-21;29;-14;-25;34;13
43;23;44;-23;-28;-30;-5
6;8;35;-10;-28;50;-17
33;2;48;-42;17;28;42
44;33;21;11;-46;2;-36
9;-7;0;-13;-30;-46;-30
-3;19;-46;-11;47;-33;-36
46;14;47;11;15;-39;-42
-25;-45;-38;2;-34;-5;-18
-41;-26;-50;25;19;-33;49
-22;-13;-31;-46;16;-49;23
47;48;6;9;46;26;23
2;-43;38;9;-17;-5;42
-28;-49;-17;42;10;20;49
26;-39;-9;31;50;-41;-44
39;-2;49;3;-14;32;38
-38;22;-14;12;37;-39;-25
0;44;-25;26;-28;-1;-17
-27;-14;-39;-50;28;29;31
-36;-46;22;-43;-50;-39;-1
-2;-38;-3;-19;2;-23;12
36;28;-22;-13;-13;-36;-27
12;-36;26;35;26;26;-38
-7;-32;4;-15;28;-9;-24
-10;-48;-22;7;34;4;-46
-44;35;-29;50;-49;10;-3
-4;4;31;-36;-19;-49;42
4;21;8;32;23;-5;17
39;5;6;-36;34;22;-48
-17;31;46;-5;-46;27;-1
40;-14;-6;14;-18;-34;-16
-23;-14;-6;33;33;26;27
40;8;-12;-45;-45;42;44
7;23;13;32;15;-31;26
47;-39;12;46;29;-43;40
-17;14;8;-29;38;0;19
32;-31;-5;22;31;24;-35
6;-14;-31;10;-42;25;33
49;5;-39;47;15;1;44
-3;-9;27;50;-47;-29;-48
20;12;19;-24;41;21;-3
4;4;-2;-27;-8;4;-33
-23;48;-50;10;-4;-30;15
-14;-50;-6;-41;-7;6;48
-23;32;18;12;-47;-40;-24
26;15;26;20;47;-16;-37
12;27;29;-18;-9;-48;-12
-44;-11;-12;-39;-5;27;48
-12;-11;15;33;-43;19;-34
-27;2;14;-34;-47;-31;12
22;-18;-2;-47;15;-15;-43
-24;21;-36;37;-10;37;-12
-8;-38;-37;-37;-22;-33;30
45;3;20;-36;35;-5;-13
-7;-45;-37;29;38;50;38
50;-45;-35;-46;1;-19;27
-46;-24;-26;-28;16;-21;-29
-15;31;13;41;16;-31;31
-48;-32;29;-11;26;-20;34
-28;-31;45;16;11;-29;27
-48;0;-18;22;-2;-4;-44
26;41;19;10;-48;-1;2
-48;34;-50;42;-10;-29;17
36;-30;43;-39;-30;-45;14
36;20;-24;35;18;30;40
-9;21;47;-44;34;39;-28
23;24;-21;-45;5;-11;-29
-49;50;3;26;-22;43;-12
-24;-25;47;-19;-44;49;-8
19;9;-43;40;-10;-8;29
16;-4;22;40;-38;-37;46
31;38;6;30;-18;4;12
-41;0;13;-23;-27;-34;-40
29;23;-26;8;30;23;18
17;34;4;22;-37;-6;18
-24;-18;45;4;38;20;43
2;11;-15;-11;-13;33;9
-19;-40;28;31;-29;23;-11
-33;-44;2;-34;46;-37;48
-27;41;44;-37;15;36;-3
-3;-34;20;38;27;35;5
38;-22;22;-6;42;14;-12
50;-19;36;-38;43;-36;-49
-42;-22;-24;41;3;30;2
-47;-13;40;25;-7;-37;-30
-13;3;-35;21;-42;21;-5
-42;-30;9;34;30;1;-1
-7;0;15;2;14;-41;20
42;16;44;25;41;25;47
24;37;-27;-18;-46;-46;8
25;25;-35;24;8;39;28
-1;-21;15;-33;12;13;-7
-34;-33;-34;-39;17;-49;-46
1;21;7;15;6;-39;15
8;-6;44;-49;29;45;10
35;3;-42;28;-42;-5;-23
45;-25;34;-48;-44;-32;-32
-10;20;35;36;-9;-13;43
28;-33;19;-14;-28;15;39
28;24;8;19;0;-17;35
12;40;8;-34;-1;28;26
33;13;-42;47;46;45;-47
-37;-30;-40;-5;-4;-4;-44
25;-17;-8;-25;-16;43;-11
8;-18;24;-31;44;-21;7
-38;-19;28;-3;-26;-48;6
8;35;8;41;10;-50;-43
-3;18;48;-31;27;44;-2
-39;14;-4;-40;10;-17;21
-21;-2;7;43;-27;41;24
21;32;31;31;31;32;32
-48;7;-41;-8;42;-47;24
18;31;27;48;-37;38;45
-24;9;-38;-26;-19;16;35
10;-15;36;-44;40;-43;33
-3;3;23;47;48;1;-11
-30;-5;-37;31;43;37;35
15;-40;-11;38;20;-20;30
22;20;22;-6;-50;-18;19
6;21;-11;-19;-6;-19;-37
-15;2;30;37;30;20;-14
-31;35;21;-1;-38;33;14
36;-17;-27;-45;-5;-29;-26
-2;33;-34;3;-17;-11;13
43;48;-39;16;10;32;1
39;32;-12;-29;-7;-15;4
47;-26;24;-35;-49;-23;-6
17;-8;-22;-22;-39;39;2
-29;14;4;-38;7;-5;-4
37;31;38;27;19;-3;16
-13;-44;-13;8;2;-3;-38
-46;-7;8;29;33;-48;-45
-32;16;13;29;17;-13;-33
1;-50;-32;-4;-41;-8;18
22;-48;-14;-25;-49;2;48
-34;-1;32;-38;3;32;43
19;17;-19;-40;39;4;-39
39;23;4;6;-30;22;-14
30;-18;-27;-36;-29;11;-9
-42;7;3;47;48;-25;40
-39;-1;-44;44;28;-22;2
44;-30;-28;1;-37;-9;-28
-11;0;-7;19;-50;-42;-40
-31;-10;38;-19;-49;-34;-23
29;45;-2;47;-26;-48;-20
1;-33;24;-26;46;16;-23
38;18;-23;-14;-27;41;-40
9;4;29;3;-11;37;-16
30;-21;-48;-37;-7;20;24
-23;46;13;-46;-29;-39;-2
4;35;-30;-14;45;4;-34
45;-9;27;-49;13;-29;-7
-25;-31;16;14;-15;-2;0
-31;-24;23;-49;7;-22;-49
-8;24;-9;1;26;1;-24
-10;-39;-35;-24;31;7;46
39;17;-10;31;-44;49;-7
-28;18;-30;-35;-5;-19;-20
-50;-35;-48;-43;-6;31;29
-24;2;42;-36;-28;-27;24
13;-5;24;21;42;1;-29
12;-41;31;-21;-11;20;10
-50;-42;-27;-2;-39;49;-1
31;19;-47;-8;-25;9;4
17;-39;-2;30;-28;29;-8
38;-15;49;50;-20;17;21
-36;48;-40;-19;27;23;-32
-44;-20;-10;-43;32;-3;29
-40;-40;6;25;43;4;-16
-50;-27;30;-28;-46;20;-19
-10;33;34;-18;-46;-6;12
-5;20;-38;24;-50;23;-42
-36;-12;-11;6;6;-30;-11
-13;19;50;-22;-31;-29;40
-15;-8;-48;44;15;38;19
-43;38;-27;25;49;-46;-27
12;25;49;9;-23;29;-48
-22;44;0;-21;46;47;5
44;33;15;-10;4;32;-49
35;26;-47;-8;0;-29;21
28;14;12;49;-3;-33;-36
-17;-18;37;-29;30;-43;42
17;-16;-20;-38;28;21;-29
-8;20;39;12;16;-20;-37
-26;33;10;43;4;-18;-35
-7;-7;37;43;-11;32;33
15;29;19;-11;-32;-14;10
31;47;-3;6;-8;-4;-23
28;34;1;3;-38;23;-27
-33;-43;39;-42;-17;-29;3
39;-24;2;6;3;37;2
24;-3;30;-11;35;44;25
9;12;-28;-26;18;50;-29
-8;29;14;5;-41;-3;-2
-18;17;21;5;-24;-30;32
-11;38;14;-17;43;15;-48
7;-46;27;-25;-33;21;42
25;-8;45;31;-18;31;24
47;-48;41;-3;-6;11;46
2;16;14;0;-43;45;-16
-26;4;-10;35;-17;42;-17
18;35;-18;-4;39;-17;-7
13;-16;43;-44;-43;2;28
-38;40;4;15;-46;38;-41
13;-9;-29;-29;13;-29;13
22;8;42;3;-19;27;1
47;13;8;43;19;19;-1
-16;-7;-45;19;-2;-11;-9
-34;36;-15;-13;-50;13;5
12;-43;-35;-50;21;48;-17
-38;-5;43;-14;50;-28;38
-11;-25;41;16;27;-8;34
-40;-39;28;-8;-40;46;35
-40;25;2;14;-8;38;-37
-9;36;-12;1;-25;-50;17
9;23;-31;7;22;22;6
7;41;-39;46;41;10;37
-11;0;48;-9;-38;-2;30
7;15;43;-24;23;-37;-6
-37;41;18;-33;2;2;22
22;28;46;-36;26;-28;45
1;-36;30;-19;49;33;34
-15;-32;27;-7;-36;47;44
-48;-17;-32;-37;48;-40;15
-14;41;-36;-46;-3;35;23
-40;28;-19;11;-1;29;29
-29;20;44;-6;-47;-37;0
-32;-7;4;34;-17;-10;-1
32;33;15;16;17;-19;-7
16;-43;20;16;-4;-40;-2
34;-14;27;-3;28;30;38
3;-7;42;-29;12;35;-1
49;39;44;4;18;-29;24
-12;50;36;2;-47;-30;-10
-38;31;38;-32;28;19;-23
-8;-22;-40;-24;6;35;-47
17;-36;39;-38;-36;15;49
-29;-43;27;20;-24;-6;6
27;-5;38;-17;12;-42;17
29;5;42;42;-18;-48;-30
-49;-45;-37;32;40;-50;-2
-3;-21;43;23;50;-11;-49
-27;-4;44;10;45;48;-46
-35;1;23;-27;-28;13;31
-15;-29;4;-30;-8;-24;46
-35;48;-20;-7;35;-50;-29
-31;39;21;42;44;-46;30
12;5;7;13;-2;17;12
-17;-16;1;-45;-25;-43;-19
-28;23;11;-23;48;15;-46
35;-6;35;-6;-6;35;0
26;24;50;1;28;17;13
-27;-2;-14;-16;30;21;-33
-44;-29;-2;46;50;38;1
38;49;-35;37;32;49;10
-14;36;50;-11;26;25;37
-34;-38;44;10;-32;28;35
33;17;-26;38;18;21;33
-47;19;31;50;29;34;-29
40;-21;-26;-36;-36;17;50
-45;-10;-45;-4;-45;-32;45
-13;-13;20;-47;-13;-47;-47
-7;-23;-16;36;16;-22;39
-23;-10;25;-45;-40;-34;28
-47;28;-34;-2;29;-46;-9
17;-47;12;-43;-42;44;3
-20;37;41;-41;27;50;-1
45;13;-12;-5;29;-18;49
-47;-48;-40;-33;27;-30;2
38;4;-2;-42;17;-11;-45
34;24;-42;-18;11;-14;35
42;-4;16;5;-24;-36;28
3;-45;-19;-13;-13;50;-11
14;-25;29;33;33;-11;14
26;5;28;25;-4;27;21
-2;7;-2;-44;-43;35;5
29;-41;-29;22;48;18;23
9;11;-19;33;6;-8;-7
-48;2;-24;1;36;-3;26
20;-14;-10;-38;11;-47;17
49;33;-42;10;-40;46;-7
-11;-28;39;-2;-38;-28;-34
-34;33;1;24;-28;-23;-44
-7;-50;-23;46;28;-15;-26
44;8;26;-10;-17;38;-43
-47;-42;16;14;-20;50;42
-10;15;39;-14;23;1;-45
-21;-6;-21;49;23;50;24
14;-24;2;39;-43;-12;0
39;-47;5;-45;11;3;-43
17;-34;17;-24;-37;-1;15
21;49;24;-40;47;49;14
7;-35;23;-31;-3;-31;33
49;-37;-24;44;0;36;-37
-39;50;-45;-16;-11;27;6
-38;-23;48;16;6;-30;-38
-24;-48;-27;33;10;42;-13
-35;19;11;6;-6;-34;32
24;29;10;3;-40;-24;-37
-21;10;-38;44;-42;41;-32
-43;1;24;-48;28;-41;15
17;33;45;27;-27;-29;27
-47;-21;-13;-17;-43;34;24
-25;0;24;-43;-47;19;-36
-23;28;-18;-49;41;12;33
6;-1;-33;41;39;25;-18
9;3;-25;-42;46;38;41
-22;14;11;18;49;48;35
32;-22;-4;19;-25;-35;-38
-49;35;45;25;11;-14;-38
-20;18;24;31;-8;50;47
15;34;-19;0;29;5;34
-23;-10;19;24;-35;2;-8
35;-25;-2;-12;-13;-11;-25
-48;31;9;45;20;-41;38
41;-42;8;-43;16;44;5
-1;-37;45;-15;-15;13;-32
18;19;-48;-37;14;30;17
18;22;15;-39;48;4;-2
-1;8;-5;1;27;10;-39
31;-20;24;35;4;8;9
4;17;-42;38;24;7;-2
-32;-35;-12;-23;-23;-35;-26
-43;-8;38;-30;-10;42;37
11;44;14;8;-32;-23;-5
24;24;30;16;8;23;39
11;-47;-18;23;6;-1;-39
14;-34;-28;11;22;-9;50
-48;13;15;-11;-44;-7;-12
37;-4;39;29;38;18;23
37;-20;-30;-17;30;30;-1
6;30;-28;23;3;4;-9
-28;-13;37;-5;-34;-24;-23
-19;17;16;42;-41;50;9
-48;29;39;30;-11;43;-23
34;-33;-35;-22;-18;-40;-12
-20;-6;-10;33;47;-34;-26
-29;3;6;17;50;-6;14
-7;37;-28;-28;0;-9;37
5;-25;2;44;-15;28;35
30;-3;24;0;7;30;25
48;-24;48;48;21;21;21
-19;-20;-41;-31;4;49;8
20;26;8;42;-49;-48;-4
-17;-43;-12;-42;-28;-15;43
38;10;-1;-31;14;-19;-36
-40;45;32;-42;39;-41;44
2;27;-17;41;7;34;-10
26;2;40;11;24;-22;-45
32;24;16;8;-16;-48;-6
-46;26;-36;16;13;28;49
-13;31;-38;33;-4;11;42
-38;0;-29;36;-10;-14;-20
-24;50;48;29;34;-7;-15
7;19;20;11;-33;21;-36
30;48;17;-35;-10;-26;31
36;25;-32;-30;-28;39;6
47;-28;39;40;21;19;-26
23;-27;18;-6;14;-46;4
36;-4;3;4;28;38;-40
45;-39;-34;-17;20;-25;-1
29;13;-11;48;-12;18;-49
20;48;35;-29;-22;-3;-21
49;-25;22;20;20;-34;3
49;1;-33;-47;37;-19;18
15;-27;29;15;32;-13;32
-26;-3;2;38;-14;-12;-5
-29;-23;-40;-24;-33;10;-2
39;38;8;-33;-47;49;13
14;9;-1;-9;31;-46;-10
46;10;-48;-16;50;-45;-17
-25;-5;0;35;-24;31;44
-35;35;-4;18;-33;26;-36
2;-37;36;-4;-19;-42;-39
-13;-35;-24;41;-47;45;-44
-42;7;0;-42;7;7;-42
13;8;-19;-23;2;43;-36
9;9;27;-24;50;22;-31
-30;-40;12;-4;4;-43;-10
30;-12;-10;-11;3;18;36
-6;-24;26;-45;19;45;20
-11;-38;-1;41;-46;41;-27
-18;31;19;13;-3;-49;42
9;46;-38;-23;-31;-39;10
5;-8;-33;-27;-5;45;10
-28;-35;34;-29;-35;10;-16
-33;6;-31;-10;-44;22;-35
-8;-12;-26;-25;-8;22;-8
19;43;-43;-19;3;-40;16
-8;18;15;40;3;-9;-39
13;-16;35;2;5;26;46
-29;3;-48;9;-5;-26;-7
19;41;14;19;46;-15;-16
39;31;-10;29;-43;3;-12
-21;-7;37;2;13;6;8
17;-45;-49;44;12;-24;31
7;14;-46;-33;-7;-4;27
36;-19;46;46;36;36;46
35;-18;-5;-45;-45;43;10
-34;-10;12;-5;-46;27;14
8;14;-30;-1;-46;-36;-13
-21;6;14;16;50;-40;2
-6;-20;19;23;47;-14;-3
37;-28;27;-20;28;-8;6
-16;-33;-6;-47;50;-31;17
46;15;-27;26;-25;19;-21
-22;21;16;43;0;25;2
-15;13;13;23;-31;-38;14
-31;19;-35;-9;-4;1;20
-39;27;31;-20;23;25;-17
16;43;-26;27;-48;-19;10
-2;47;16;17;-39;-10;30
-12;-26;16;-46;-40;-30;-12
34;44;28;-50;31;-42;-41
-35;-25;-18;9;-37;-10;-15
23;-47;38;-9;5;-45;0
30;-20;-41;29;-28;-25;5
-29;41;7;-28;49;34;42
-50;-16;-24;23;-19;27;1
42;-12;-6;-34;-34;48;12
47;13;-22;-34;39;43;30
50;-20;-10;-29;-35;48;-11
-4;20;-47;-2;45;-29;-3
41;-5;-17;-50;-18;-47;33
41;-12;49;-22;39;-49;23
-25;-35;0;-1;-43;-21;-34
37;-36;-50;-20;33;-12;-4
-1;26;49;-49;23;-34;10
10;45;39;27;-14;-21;16
33;-34;22;-38;37;-16;-14
-8;16;21;-3;1;-45;-7
14;-17;39;-12;23;16;-33
28;1;49;-15;-15;28;-24
45;-39;35;13;-15;36;-1
38;45;-5;-3;10;30;17
18;-9;-42;20;29;-26;-13
-34;36;-41;-35;-40;43;-1
5;29;-17;-31;9;35;-39
-30;-27;0;-42;-3;49;-16
-23;34;42;45;44;-25;36
-12;-18;45;-30;1;-29;42
-9;42;-49;44;-4;-22;6
-14;-41;26;-16;17;50;24
-44;13;46;-31;36;-16;-29
-7;-2;48;49;28;-46;-32
37;-24;6;5;41;-23;-1
23;40;17;-11;26;-31;-43
-9;12;-44;-40;26;-1;13
41;49;18;4;-43;-3;26
-48;2;-21;35;36;35;-30
-29;-33;1;29;-31;24;23
44;41;-33;-41;3;3;8
-33;-24;-26;23;19;-42;-13
-48;-33;-17;34;25;-46;17
-36;0;38;26;-13;-20;-29
-33;-17;22;-14;7;44;-36
22;14;43;-6;23;28;-47
28;36;-42;-30;40;-10;-23
-22;-38;-13;-33;-4;46;16
39;14;-38;44;-21;22;-1
12;-47;-13;21;-43;24;-38
2;-26;-39;9;13;-7;23
-26;12;11;34;32;24;38
45;48;45;21;39;-9;12
49;-12;-32;38;-41;-47;14
34;-34;-1;-8;-14;-44;4
-10;49;-25;8;-36;-32;-22
-43;-48;14;24;8;-1;-6
-44;-48;-4;-27;-5;-42;-19
16;-27;-38;17;23;-17;-22
4;-4;49;-38;50;-45;47
12;-49;-28;-35;1;-29;0
26;-13;-25;28;2;-46;-43
28;-49;-37;-39;-8;15;34
32;39;-50;-4;28;37;3
-20;39;-24;34;1;50;39
-1;-50;48;-2;-28;11;-37
-18;-25;-45;5;40;1;-29
2;44;-24;43;-24;-30;-31
-18;-33;-50;-9;-1;18;-32
0;39;35;44;18;24;5
-9;-10;-21;35;16;-34;5
39;-6;-23;-25;-1;-11;13
44;-49;5;17;-21;2;8
-15;46;-32;-49;33;-25;-15
24;-17;31;6;-47;39;-6
24;1;31;38;39;-46;34
-43;14;7;2;6;48;17
24;-11;-39;7;34;38;-8
14;14;-14;-12;-45;42;-7
26;-3;35;42;27;40;19
31;22;-9;7;7;-28;22
9;13;-7;-15;29;-38;-48
-41;31;17;-30;8;12;-32
27;7;-35;24;-12;45;22
47;14;-26;-19;8;44;-35
37;-6;-3;-19;33;2;-45
-2;47;21;-2;-28;15;33
-14;-49;-17;15;0;17;48
-50;-41;8;-7;-40;43;4
-29;-28;-1;23;8;-21;13
7;-42;12;12;0;1;19
-20;-40;14;-47;-4;47;-40
-1;13;16;49;-7;17;-11
32;-2;18;21;23;-10;49
15;44;50;-30;-27;-23;-3
11;-43;20;39;21;-12;41
3;11;10;44;31;7;-37
-5;-12;-3;36;43;-5;-24
12;-39;42;-45;-8;21;50
-45;-38;29;48;14;36;15
16;-31;-34;23;0;10;-13
49;29;-6;-37;7;44;-49
-14;-7;-1;-17;29;-40;-41
26;-49;-1;28;34;-45;31
18;-36;-2;7;-14;-28;42
4;44;-23;45;-30;-15;-44
-20;-38;5;34;15;7;-25
-48;-12;32;-20;-16;-20;36
-45;6;0;-45;47;-34;12
49;-2;-7;-9;3;11;-30
20;47;-20;17;40;-38;-26
-9;-46;32;18;-25;-17;-31
-21;41;32;32;-47;20;-18
-36;-16;-29;-22;45;-17;1
-22;-18;-49;-40;3;-22;-21
-35;9;-3;-32;-35;-39;-10
29;-29;45;-19;32;13;19
-21;-7;-28;39;-27;0;22
-30;4;36;-28;-44;-32;5
-19;17;8;-42;-11;0;-40
-33;-22;-16;-33;37;39;-30
21;7;-43;21;27;-10;31
20;37;-23;27;-26;-26;38
-13;8;-12;-10;-34;-29;-49
30;-40;30;-42;42;33;-45
0;7;-48;19;-42;-46;-50
-50;-39;-47;26;-28;-43;11
35;25;-39;-16;-39;-3;-16
16;6;17;-43;-42;20;19
27;1;0;23;21;-49;37
43;15;-29;-23;-19;-36;31
42;23;18;40;46;23;-1
14;0;7;37;-34;-6;42
-36;-3;24;-28;-12;-7;15
-21;36;-45;24;-6;50;10
49;15;14;-3;-21;6;48
-2;35;47;46;47;19;-7
-7;10;-13;10;-50;16;10
-28;31;8;26;48;28;-39
-48;-29;-47;-8;33;-8;-22
14;-2;4;29;-21;49;8
-50;-50;-50;30;-22;-22;-22
3;12;-31;-2;-12;34;20
21;-28;-7;23;30;-49;39
34;45;14;2;-3;35;-33
-28;-41;13;29;15;26;5
2;-20;49;26;-5;50;-22
37;7;32;43;50;19;44
50;12;-18;13;-40;5;17
0;-4;-42;23;-21;11;36
-44;21;-1;12;-29;-30;-11
-35;-22;38;42;-42;-14;2
-19;-4;3;3;-33;-19;-25
25;-36;-46;9;-36;28;34
1;34;14;18;15;0;-32
-42;49;-39;-35;-26;31;-45
-11;9;10;23;33;44;-33
-39;47;19;-20;21;43;26
-32;-1;1;50;-35;24;-30
7;11;7;40;8;36;-47
7;-45;6;33;14;34;43
-15;-1;-8;-21;19;40;41
-33;12;-2;2;-29;-26;2
23;18;-41;-45;19;14;-14
28;-1;14;11;42;-2;-6
50;-12;-44;17;-46;-12;-41
3;-40;-25;-39;-12;27;10
-7;40;-4;-23;13;-49;42
-44;0;24;-16;-34;34;44
-27;26;-42;-28;22;-9;-33
-13;-30;-40;-20;3;-46;-42
-11;-25;37;-14;11;16;-25
43;47;-39;42;3;22;-32
16;-38;-50;-14;-11;-47;45
-1;-29;50;14;50;-38;-40
38;-47;-15;39;46;-37;-15
38;-24;-40;-12;-42;20;50
-17;8;-39;48;22;-37;-1
50;11;36;1;-18;-46;32
-21;-34;27;46;-46;-50;-13
23;41;36;-41;33;41;11
44;-3;-3;-38;42;33;11
24;22;-11;-29;14;-1;-8
17;30;-32;-3;-49;14;-22
43;49;29;-12;-39;-25;37
35;-37;46;33;4;-50;-38
-6;13;-8;19;-26;9;-26
-30;17;-49;18;0;-34;-40
42;-23;12;34;41;-25;48
-17;36;28;-31;-43;12;-20
-15;45;-15;19;11;-48;32
-15;-25;49;30;27;8;10
-4;-39;24;-9;27;-26;15
-7;-17;-11;39;46;-21;49
-33;-11;29;42;-3;30;-11
-12;-31;45;30;-11;-28;27
0;45;3;1;34;2;-12
2;-11;-3;5;-22;5;-4
2;-47;41;34;-8;-21;-30
-39;30;-5;43;-47;-12;14
16;41;-11;-9;-4;-31;50
-20;-3;13;-13;-4;-24;-5
19;48;37;35;-42;-44;-24
13;-13;-35;-16;-45;-3;-12
-48;48;-47;2;41;-10;-47
31;48;-12;20;-10;-41;21
33;-3;23;32;-44;-33;43
-40;-41;-6;9;-25;34;-8
-26;46;-37;-1;-50;46;-30
-3;-25;-17;-30;-42;29;-23
6;20;-1;-46;-7;-11;2
-14;-36;-13;29;-12;35;39
20;38;-49;-2;3;44;23
47;9;5;-10;48;-4;7
29;16;27;-23;-29;-30;-11
-7;9;-41;-26;-50;23;26
30;-17;33;-39;-3;38;34
46;-30;33;-33;-32;31;31
-33;-21;-50;30;-11;22;35
40;16;28;38;-31;36;-13
-47;-50;14;14;-1;-41;-5
20;40;27;-20;20;49;-31
48;-50;17;20;-29;-21;26
50;-41;47;-26;17;-31;28
39;-40;-20;18;-10;-19;-2
-25;35;16;28;24;-45;0
26;-38;-11;-10;26;19;43
-39;30;41;21;-14;33;-14
35;-38;-16;-28;-43;45;8
19;-48;7;-48;-49;-5;46
40;-16;34;10;31;12;16
-28;-31;8;45;27;1;39
0;-48;-46;4;-44;11;4
-14;41;40;-30;2;-9;35
-45;4;-14;-3;-10;24;-38
31;-43;16;12;22;41;26
48;-44;-30;13;-6;-47;49
19;-28;26;-49;35;-5;-14
-5;25;-31;-49;13;-9;46
-27;-12;-37;1;-29;-10;-8
-34;44;-28;-28;16;29;14
-49;17;27;-4;44;47;15
31;-30;-10;-11;-45;-31;-26
-28;45;-22;22;-16;-41;11
-40;-29;-46;-49;39;-17;36
10;-35;-46;15;-5;-31;30
-23;46;-19;-2;-26;34;42
46;-5;28;30;38;13;-1
-16;-24;20;30;34;-33;-50
-28;-17;-32;15;31;-38;-18
-42;-19;-46;-25;-33;-41;25
41;-14;16;3;-46;23;39
4;13;-49;-47;14;-18;20
4;-38;49;46;19;30;-21
-34;25;-26;25;17;12;13
18;-8;-6;-32;-32;-25;-33
44;30;-42;21;3;-30;40
-48;36;8;14;20;18;-16
-20;-19;7;16;-29;38;11
16;38;48;32;-27;27;30
35;-25;-12;-15;30;-40;16
-36;15;-24;33;36;-8;-6
19;-22;5;-47;7;-22;-8
-6;23;0;-4;20;-14;9
16;22;4;-23;-30;21;13
-23;37;-2;-2;-8;19;12
37;-16;23;43;10;45;-43
-6;47;-34;36;-21;-26;-30
-49;33;-17;-21;-11;36;32
23;27;-49;21;-37;-16;-49
-47;11;48;3;-50;-49;-43
11;5;11;24;-2;34;23
-50;-14;41;37;-20;48;29
0;8;-20;19;-30;17;-8
16;-9;-42;-1;36;-46;-39
-24;34;45;48;-19;15;-12
30;6;-4;22;36;-31;21
-29;-8;29;30;-40;-27;-20
-21;-47;-7;-19;-27;-13;-3
-10;0;-28;-1;1;-7;4
-21;-14;37;32;-1;38;-48
-16;-39;-37;-20;34;47;38
-7;-36;-41;-1;47;10;24
-40;36;-48;45;6;-39;-22
-15;-38;1;-33;-8;41;-42
-23;-47;-15;-12;23;41;28
38;-32;-7;-49;40;34;-13
48;4;45;-27;29;30;-17
19;30;-20;25;11;-4;20
23;15;-36;3;29;-37;-24
-11;32;18;30;-45;-17;-5
-17;47;10;4;-30;-36;-14
46;-45;-20;-24;-39;-6;-8
-11;19;5;44;48;1;19
-15;24;4;-11;-46;-43;-42
32;-34;-27;32;-10;10;-46
4;-21;-39;1;-33;48;27
47;-10;-17;-21;25;3;-8
-10;19;40;-32;44;-44;-37
30;18;3;16;0;-3;-27
-22;-44;-36;-27;11;43;48
34;17;21;-17;28;-17;50
2;-49;33;-44;-39;5;-30
-36;16;-41;-3;42;-49;27
31;34;-28;-21;-25;42;21
17;13;19;17;7;-38;49
8;26;23;5;-22;-13;-41
-38;30;-29;-18;14;-6;-20
-35;-20;12;-35;-20;-35;-20
-13;20;20;-33;-25;-10;15
-44;-13;-44;6;-48;-20;3
-33;-13;3;-2;38;-33;25
-31;45;10;16;-33;18;5
32;34;32;-11;26;-24;29
5;-13;-48;-15;43;0;-18
16;46;-34;-41;24;-9;-30
-18;-17;40;-32;23;27;34
-32;-7;-18;-16;-20;41;-24
19;-23;30;-28;31;48;25
19;32;-28;44;7;11;-17
-34;-35;-37;-21;16;-22;14
34;-46;2;-16;-38;-5;49
-10;-27;12;-42;-22;-37;-28
-5;13;-49;-3;-19;-43;26
-23;4;2;-44;19;-15;-49
-19;-20;3;34;-18;-33;-24
-12;-31;-39;-41;12;8;48
33;13;-5;4;15;-14;2
-8;-25;-30;13;-20;34;-31
-3;-32;-19;-1;-44;38;-32
-35;-35;-35;-46;-46;45;-46
-34;43;-14;38;-30;-15;-10
12;12;-29;-19;10;-5;14
-38;-7;-11;-38;-35;-11;-27
0;-35;17;-15;45;46;-3
-6;-18;37;25;40;-9;-44
34;-32;-7;10;41;40;3
-48;-22;49;36;-18;43;-12
42;-23;9;-19;42;32;-9
-6;-14;-18;48;45;-17;-47
-7;-31;-11;49;-49;-26;-29
-45;-30;40;-24;-24;23;10
-49;9;-21;-33;10;12;12
35;41;31;-34;9;-41;9
-35;-10;-47;39;46;3;46
-29;14;37;-31;-27;-49;-22
-14;46;45;-26;7;-22;-35
47;-5;21;-34;22;-35;39
-22;42;-4;32;45;-47;-16
-7;-42;26;-1;-48;1;-18
-16;-42;-43;-26;-17;-45;-34
38;38;-7;23;38;23;23
36;-5;-36;16;-23;-10;-22
28;-21;-45;10;-17;30;-4
42;22;-32;-33;47;-8;-6
-3;6;38;-9;-26;44;22
-12;29;-15;-7;-5;25;32
16;19;5;4;-42;38;15
-40;-40;-44;-37;-9;-45;32
50;0;1;5;36;39;33
-2;27;-36;-46;-18;10;-3
-7;7;-35;-26;-13;-46;41
6;-11;16;14;21;-26;14
-31;-34;10;-44;-17;-17;-18
-18;-13;38;-11;-38;-8;12
-7;-25;-16;-24;-36;14;-2
-34;40;9;35;6;18;42
49;-8;45;-34;-5;-7;-2
29;47;33;-19;-4;-39;-13
17;-43;-24;-14;47;20;10
38;-21;38;-9;-10;2;37
-38;-42;-21;-34;49;-3;10
-31;16;-22;-27;39;-48;17
-23;9;34;-13;-31;26;-47
-49;-18;-42;21;3;2;17
-43;33;-16;-23;-27;-14;-7
3;25;-39;40;-28;22;-32
-21;-26;-17;19;-41;23;-27
19;-30;-34;-13;-3;21;-20
-30;-31;35;-1;-17;-38;-13
-33;40;-16;-33;9;11;-17
-10;-10;-10;46;-4;-4;-4
-33;-18;-33;-9;12;31;21
50;-12;41;22;46;28;-33
-41;-41;-47;-47;39;-47;-41
41;22;-44;24;-25;-49;27
37;-19;19;-2;3;-16;41
9;13;17;-50;8;47;-31
38;15;43;-37;7;23;-35
-31;-48;0;49;30;8;-37
-29;39;44;-19;-12;-2;-42
-19;-42;18;22;-12;-45;37
34;40;-6;-4;-33;41;-43
-18;14;23;-4;18;-5;30
13;39;37;1;-5;36;-30
-28;-5;7;6;41;-47;-48
26;-6;6;26;-41;7;-30
47;-18;8;15;-25;-27;37
32;-34;-2;39;-17;-18;-26
14;14;-44;-44;14;-44;0
-19;29;40;23;1;9;-39
29;43;38;18;-19;25;22
41;27;-31;37;-43;25;-21
8;21;-21;-19;15;-13;16
-43;-8;-43;-4;41;42;18
-1;-9;3;-35;-20;-12;-20
-17;13;-9;37;-16;-19;-46
-38;-47;-34;37;21;33;43
22;-38;20;36;-19;45;-42
33;-2;42;-4;23;29;26
-45;-5;-19;16;47;15;-43
34;-25;50;14;-29;41;-8
49;-15;-6;-34;-5;-21;11
18;17;34;-13;29;1;-32
-7;-42;36;12;19;14;-31
18;-50;47;39;-12;-26;48
-34;-29;32;43;24;6;43
-49;13;-33;45;19;27;7
21;10;7;-23;7;-24;45
-9;-35;35;-28;-37;-3;-33
-2;-5;14;4;15;-23;-3
-7;-7;-19;-26;-19;-7;-19
-14;-20;10;18;-48;-28;-35
-29;14;-24;18;16;0;19
7;47;6;4;-16;7;45
-31;-25;-33;-17;11;44;-45
-29;32;-45;28;25;-33;-19
-21;42;-9;32;-48;-27;24
27;22;45;23;34;-18;-45
-15;-12;-15;27;2;12;33
9;-18;-22;44;-36;36;-5
-2;1;-33;46;34;42;-31
23;13;44;11;-39;43;-4
-41;3;-26;-38;-45;-11;-18
3;-1;6;-25;8;37;3
44;-10;47;34;32;46;2
6;35;-43;-23;24;36;-19
-46;33;50;-17;40;-38;50
-38;28;46;-42;-2;30;7
-49;15;44;36;-45;-7;-43
30;-3;-48;40;-2;-33;-1
-29;12;-12;28;-11;-4;8
22;1;-50;-41;28;48;27
-30;30;-24;9;-31;-40;27
-50;38;-18;-5;-18;-43;-23
40;20;36;28;-14;6;-5
-45;-35;-41;6;24;46;26
-26;-7;-14;20;18;-45;-38
-7;45;37;-16;20;-33;-27
-10;-37;-27;41;-5;-16;43
11;-26;-29;46;25;-24;-13
39;26;-12;46;-3;-4;37
-6;1;-4;31;-4;7;-22
-2;-34;-37;14;-13;-35;-49
38;-23;15;-1;35;-24;-35
2;8;35;-28;10;-38;-39
28;7;-44;-39;24;21;1
-7;-30;36;26;-40;-46;6
-14;-40;26;-25;32;-32;-10
-10;-49;-44;31;11;-26;48
50;26;7;37;-50;35;-40
22;-50;-36;-11;24;-13;-37
-1;-49;-50;21;11;-34;16
8;-31;28;-36;2;13;-19
-35;-49;-1;-3;12;-30;33
-43;-13;-31;48;46;-47;16
42;-11;34;-15;-23;26;-36
50;14;40;-35;-8;49;-22
-30;2;-36;47;18;1;-42
-30;-16;11;11;10;-46;37
-14;12;14;-42;-33;-7;-27
50;5;-16;-40;4;17;-7
-17;13;-21;6;47;4;-50
-40;-21;-12;-17;-19;50;-14
43;20;44;-28;-7;-43;18
-47;35;-3;-45;3;-29;-20
-44;27;-32;1;34;30;12
-9;-9;49;-29;3;-19;43
50;11;-41;-3;-3;41;13
-49;11;5;12;29;-14;36
-49;41;-7;41;37;-21;-32
38;7;37;13;45;18;-31
29;-9;34;-32;7;-32;20
28;29;16;-7;-50;30;46
-9;22;-8;-25;-31;42;22
-10;-13;30;31;-50;4;-1
-50;-46;15;-7;29;-21;-32
10;43;28;0;22;-47;-6
-23;-1;-45;-50;38;42;8
47;8;-9;42;50;-16;49
26;50;45;19;11;-10;-26
29;-32;0;48;47;-27;8
-37;43;25;22;1;-7;-1
-43;-46;-24;-36;-35;-6;25
28;29;16;44;12;18;20
45;35;14;-1;47;27;30
-37;14;-13;-3;-16;6;-46
29;-14;21;22;-30;43;16
2;37;-15;31;50;44;-15
-8;1;20;-21;-11;1;41
33;32;-9;-44;-26;-35;-46
-36;-23;12;41;10;-33;29
42;-42;1;5;1;-49;10
-31;-38;48;-40;-7;-19;-30
29;-26;45;-37;-27;8;33
-8;6;22;-31;-39;47;-19
0;26;43;18;-11;-50;32
3;22;-32;35;-14;33;-38
17;33;19;29;6;31;-24
-28;23;36;-46;-28;-25;21
1;23;12;-9;-41;30;1
33;-29;-44;30;-18;-27;46
-27;-16;-6;27;-25;-36;2
-36;-1;8;43;24;-26;-23
-17;42;-31;-12;-39;20;-18
42;-49;24;1;-1;-2;-3
2;6;-6;-40;40;-36;29
42;-36;47;-18;-49;-10;-36
-40;30;31;12;-25;-35;45
-18;45;30;1;13;-16;45
-15;-8;-46;-23;-12;13;-13
-24;-11;45;-18;4;29;-28
-27;-21;25;2;-40;15;-28
-4;-42;-33;24;24;-16;20
34;-48;30;-39;-6;9;3
-40;-1;-6;0;46;-1;26
-44;-46;-43;-12;25;50;-28
-4;-41;11;-2;-17;25;24
-45;9;-41;-16;-28;-50;1
15;-16;-13;47;8;22;-7
-41;10;37;44;16;40;30
-39;-38;-40;25;-18;14;26
-13;46;7;-27;-31;-45;14
-12;2;-30;-1;-11;39;-16
-45;37;48;14;-47;4;-27
45;49;49;-27;21;45;6
32;-4;14;-1;-27;4;24
-46;14;-31;-6;-46;-6;-14
-46;41;-18;6;0;7;1
8;36;-26;-19;29;33;12
-11;29;-35;33;30;-18;43
3;-2;-10;14;8;30;-1
-18;43;22;-22;-18;-46;40
-37;-14;49;-49;-44;25;31
-28;-29;18;-7;-14;1;-26
-34;-32;-44;-42;-2;-9;22
38;-40;17;31;-34;12;10
-17;-43;23;-9;21;-18;6
-32;-38;-21;-3;6;-28;17
16;27;-45;-18;-8;-10;33
4;48;1;35;-34;42;22
22;40;-33;49;-28;41;-13
-17;-12;37;-4;-39;-14;42
39;5;48;44;-34;50;-10
-46;17;-2;0;36;38;5
40;-18;-5;-6;8;46;24
24;-22;47;42;26;20;20
28;-3;-46;31;28;-20;-10
18;15;-36;-30;-38;-39;16
25;-2;-43;-37;47;34;43
29;-42;-9;-1;-20;47;6
-14;-1;-23;5;-39;-46;28
42;41;38;14;-28;48;-47
-41;45;27;-16;10;-25;-45
34;29;-30;37;50;41;31
-47;19;-26;-11;-43;32;-2
14;18;-10;31;-50;-33;-32
11;-17;18;39;16;-3;30
-10;-35;15;-23;25;-36;18
48;21;48;-5;-25;44;40
9;-11;-48;-35;-49;21;30
-8;41;-20;34;-10;-44;39
-8;20;9;35;-37;-15;39
36;45;31;-34;45;39;41
39;-40;13;-11;18;18;-30
-15;27;-40;8;-27;-19;-40
-11;-11;-35;-7;5;47;-35
0;6;41;-1;-34;-33;-37
-2;9;-18;-10;-1;44;7
8;34;32;34;-26;19;-2
-15;5;24;-34;-24;-42;40
4;-15;0;39;2;4;-29
-27;6;29;46;-4;-3;-23
50;47;45;-30;-26;-25;-43
-6;34;13;50;-23;9;49
-25;47;27;34;43;3;49
45;-3;21;12;18;-16;22
-26;29;26;0;-20;41;-24
2;39;16;21;-18;36;32
-29;-31;-15;-31;33;-41;21
-17;-4;-38;22;-2;29;14
29;22;9;-18;-38;8;9
26;-6;-2;30;19;-6;8
18;31;-14;-13;-33;-32;30
-34;1;-31;-2;11;27;38
33;-46;-23;-43;41;-5;27
-35;9;25;2;-20;-46;-49
50;49;-27;50;1;50;-16
6;-25;-14;13;4;0;28
-2;13;23;6;23;27;-38
38;-2;1;7;27;-15;-28
43;-44;28;-48;43;19;45
-18;-13;-41;17;47;-24;-12
-47;26;-6;-37;35;-42;45
-42;13;-32;22;41;36;-6
10;-32;-7;-38;9;1;-24
0;-19;-47;-31;-17;-3;49
-37;-39;-6;34;26;26;40
7;26;-7;-13;13;46;14
8;21;-8;0;38;-24;-21
31;8;29;1;-21;-48;-36
-6;45;-8;42;43;-37;-33
-12;-35;-23;39;19;-29;6
32;27;36;-24;39;-30;32
-46;35;-36;-42;-49;-25;-10
-8;32;45;21;17;3;-42
49;11;-27;-44;50;-35;18
-34;-45;-17;-20;48;-27;-3
0;-7;21;4;-11;41;16
2;19;-30;18;30;12;35
31;2;-13;28;-7;-44;44
-16;22;13;-45;-47;2;-43
-32;40;-27;50;39;-20;-24
22;33;-13;1;-50;9;25
-7;-3;18;1;-6;-45;-48
-15;-42;-37;-7;37;35;12
15;22;-8;37;12;26;38
28;6;-27;-42;29;22;22
-3;-16;-9;40;-22;-39;-19
30;42;13;-31;35;-21;35
7;-38;-22;-1;-13;41;-4
-18;-38;1;21;-14;-50;14
23;-33;28;-24;20;-17;-40
-15;-26;18;-47;-13;-15;45
39;-44;43;-25;-39;29;14
-28;-43;-7;-50;-4;-42;11
6;-50;-14;-30;-33;14;35
-28;-24;-32;-38;-7;-4;19
39;-19;-13;35;3;-38;28
-30;35;26;-30;-22;-21;10
-27;39;45;41;45;17;-40
31;-8;-1;-8;24;3;25
49;2;39;1;45;10;46
32;-11;-27;3;30;-16;-9
-4;-7;50;20;11;-40;-47
18;44;-15;35;41;46;-4
34;-9;2;-4;1;-5;-33
-10;42;-4;-7;-5;-38;-14
-44;-45;-11;-13;-16;-34;-29
-2;6;30;44;-22;18;-21
-45;1;5;0;-50;25;-30
29;30;-15;49;48;-46;-14
-9;18;6;24;-46;26;14
12;31;-45;-15;20;42;-3
45;-11;-16;-7;-18;-25;11
32;-17;22;-6;29;31;-5
3;44;-43;45;-4;6;28
1;-38;28;-12;48;-20;-11
-26;-16;21;10;32;-15;-4
-5;-44;24;-26;40;8;30
2;47;-17;19;-45;-18;39
21;-31;-4;16;31;-25;-20
14;24;-48;44;-35;-25;50
-5;48;29;-35;-12;-10;33
-27;-24;-27;3;-2;40;3
-49;-46;-25;2;36;-21;16
4;21;-38;27;-14;-35;-31
9;11;-19;-2;-17;-43;-22
-1;-28;28;3;-28;-14;-13
20;2;-8;-30;-27;47;-5
2;3;-34;-40;32;-39;16
45;21;-48;-29;34;-20;5
25;39;1;13;-13;50;-41
-31;-9;46;-38;-38;40;4
-49;-28;8;-23;-37;-11;-24
-34;43;-18;-21;-23;-28;7
-18;28;48;-5;28;-16;-19
-9;40;-50;-10;-16;9;-16
-25;30;8;-39;-47;18;-44
-21;-40;-10;24;-6;13;14
34;24;-36;-47;-20;-36;8
15;-23;-40;-18;-20;-17;3
-10;-45;5;35;22;3;3
31;7;31;-22;5;20;-24
35;34;16;25;2;10;5
-5;3;31;-1;49;-45;-41
-40;-40;14;-50;14;14;-40
8;-17;16;13;-28;-46;-5
4;-16;50;50;46;-1;17
-39;-24;26;-5;-32;-31;31
32;44;-16;33;0;20;26
8;-44;50;33;-17;-31;32
50;17;19;-41;-15;-48;-13
6;-37;-6;7;23;-38;2
-46;-34;48;13;-1;-29;9
-48;29;0;-33;48;-33;-10
41;-20;-9;38;49;-17;22
-32;8;24;47;-26;24;14
-16;-38;-16;18;4;43;35